Difficulty,Avg_total_cooking_time
easy,17.974489795918366
medium,41.77054794520548
hard,163.54625550660793
